{
  "backprop" : true,
  "backpropType" : "Standard",
  "confs" : [ {
    "extraArgs" : [ ],
    "l1ByParam" : {
      "b" : 0.0,
      "W" : 0.0
    },
    "l2ByParam" : {
      "b" : 0.0,
      "W" : 5.0E-4
    },
    "layer" : {
      "convolution" : {
        "activationFunction" : "identity",
        "adamMeanDecay" : "NaN",
        "adamVarDecay" : "NaN",
        "biasInit" : 0.0,
        "biasL1" : 0.0,
        "biasL2" : 0.0,
        "biasLearningRate" : 0.013,
        "convolutionMode" : "Truncate",
        "cudnnAlgoMode" : "PREFER_FASTEST",
        "dist" : null,
        "dropOut" : 0.0,
        "epsilon" : 1.0E-6,
        "gradientNormalization" : "None",
        "gradientNormalizationThreshold" : 1.0,
        "kernelSize" : [ 5, 5 ],
        "l1" : 0.0,
        "l2" : 5.0E-4,
        "layerName" : null,
        "learningRate" : 0.013,
        "learningRateSchedule" : null,
        "momentum" : "NaN",
        "momentumSchedule" : null,
        "nin" : 1,
        "nout" : 20,
        "padding" : [ 0, 0 ],
        "rho" : "NaN",
        "rmsDecay" : "NaN",
        "stride" : [ 1, 1 ],
        "updater" : "ADADELTA",
        "weightInit" : "XAVIER"
      }
    },
    "leakyreluAlpha" : 0.0,
    "learningRateByParam" : {
      "b" : 0.013,
      "W" : 0.013
    },
    "learningRatePolicy" : "None",
    "lrPolicyDecayRate" : "NaN",
    "lrPolicyPower" : "NaN",
    "lrPolicySteps" : "NaN",
    "maxNumLineSearchIterations" : 5,
    "miniBatch" : true,
    "minimize" : true,
    "numIterations" : 1,
    "optimizationAlgo" : "STOCHASTIC_GRADIENT_DESCENT",
    "seed" : 123,
    "stepFunction" : null,
    "useDropConnect" : false,
    "useRegularization" : true,
    "variables" : [ "W", "b" ]
  }, {
    "extraArgs" : [ ],
    "l1ByParam" : { },
    "l2ByParam" : { },
    "layer" : {
      "subsampling" : {
        "activationFunction" : "sigmoid",
        "adamMeanDecay" : "NaN",
        "adamVarDecay" : "NaN",
        "biasInit" : 0.0,
        "biasL1" : 0.0,
        "biasL2" : 0.0,
        "biasLearningRate" : 0.013,
        "convolutionMode" : "Truncate",
        "dist" : null,
        "dropOut" : 0.0,
        "epsilon" : 1.0E-6,
        "gradientNormalization" : "None",
        "gradientNormalizationThreshold" : 1.0,
        "kernelSize" : [ 2, 2 ],
        "l1" : 0.0,
        "l2" : 5.0E-4,
        "layerName" : null,
        "learningRate" : 0.013,
        "learningRateSchedule" : null,
        "momentum" : "NaN",
        "momentumSchedule" : null,
        "padding" : [ 0, 0 ],
        "poolingType" : "MAX",
        "rho" : "NaN",
        "rmsDecay" : "NaN",
        "stride" : [ 2, 2 ],
        "updater" : "ADADELTA",
        "weightInit" : "XAVIER"
      }
    },
    "leakyreluAlpha" : 0.0,
    "learningRateByParam" : { },
    "learningRatePolicy" : "None",
    "lrPolicyDecayRate" : "NaN",
    "lrPolicyPower" : "NaN",
    "lrPolicySteps" : "NaN",
    "maxNumLineSearchIterations" : 5,
    "miniBatch" : true,
    "minimize" : true,
    "numIterations" : 1,
    "optimizationAlgo" : "STOCHASTIC_GRADIENT_DESCENT",
    "seed" : 123,
    "stepFunction" : null,
    "useDropConnect" : false,
    "useRegularization" : true,
    "variables" : [ ]
  }, {
    "extraArgs" : [ ],
    "l1ByParam" : {
      "b" : 0.0,
      "W" : 0.0
    },
    "l2ByParam" : {
      "b" : 0.0,
      "W" : 5.0E-4
    },
    "layer" : {
      "convolution" : {
        "activationFunction" : "identity",
        "adamMeanDecay" : "NaN",
        "adamVarDecay" : "NaN",
        "biasInit" : 0.0,
        "biasL1" : 0.0,
        "biasL2" : 0.0,
        "biasLearningRate" : 0.013,
        "convolutionMode" : "Truncate",
        "cudnnAlgoMode" : "PREFER_FASTEST",
        "dist" : null,
        "dropOut" : 0.0,
        "epsilon" : 1.0E-6,
        "gradientNormalization" : "None",
        "gradientNormalizationThreshold" : 1.0,
        "kernelSize" : [ 5, 5 ],
        "l1" : 0.0,
        "l2" : 5.0E-4,
        "layerName" : null,
        "learningRate" : 0.013,
        "learningRateSchedule" : null,
        "momentum" : "NaN",
        "momentumSchedule" : null,
        "nin" : 20,
        "nout" : 50,
        "padding" : [ 0, 0 ],
        "rho" : "NaN",
        "rmsDecay" : "NaN",
        "stride" : [ 1, 1 ],
        "updater" : "ADADELTA",
        "weightInit" : "XAVIER"
      }
    },
    "leakyreluAlpha" : 0.0,
    "learningRateByParam" : {
      "b" : 0.013,
      "W" : 0.013
    },
    "learningRatePolicy" : "None",
    "lrPolicyDecayRate" : "NaN",
    "lrPolicyPower" : "NaN",
    "lrPolicySteps" : "NaN",
    "maxNumLineSearchIterations" : 5,
    "miniBatch" : true,
    "minimize" : true,
    "numIterations" : 1,
    "optimizationAlgo" : "STOCHASTIC_GRADIENT_DESCENT",
    "seed" : 123,
    "stepFunction" : null,
    "useDropConnect" : false,
    "useRegularization" : true,
    "variables" : [ "W", "b" ]
  }, {
    "extraArgs" : [ ],
    "l1ByParam" : { },
    "l2ByParam" : { },
    "layer" : {
      "subsampling" : {
        "activationFunction" : "sigmoid",
        "adamMeanDecay" : "NaN",
        "adamVarDecay" : "NaN",
        "biasInit" : 0.0,
        "biasL1" : 0.0,
        "biasL2" : 0.0,
        "biasLearningRate" : 0.013,
        "convolutionMode" : "Truncate",
        "dist" : null,
        "dropOut" : 0.0,
        "epsilon" : 1.0E-6,
        "gradientNormalization" : "None",
        "gradientNormalizationThreshold" : 1.0,
        "kernelSize" : [ 2, 2 ],
        "l1" : 0.0,
        "l2" : 5.0E-4,
        "layerName" : null,
        "learningRate" : 0.013,
        "learningRateSchedule" : null,
        "momentum" : "NaN",
        "momentumSchedule" : null,
        "padding" : [ 0, 0 ],
        "poolingType" : "MAX",
        "rho" : "NaN",
        "rmsDecay" : "NaN",
        "stride" : [ 2, 2 ],
        "updater" : "ADADELTA",
        "weightInit" : "XAVIER"
      }
    },
    "leakyreluAlpha" : 0.0,
    "learningRateByParam" : { },
    "learningRatePolicy" : "None",
    "lrPolicyDecayRate" : "NaN",
    "lrPolicyPower" : "NaN",
    "lrPolicySteps" : "NaN",
    "maxNumLineSearchIterations" : 5,
    "miniBatch" : true,
    "minimize" : true,
    "numIterations" : 1,
    "optimizationAlgo" : "STOCHASTIC_GRADIENT_DESCENT",
    "seed" : 123,
    "stepFunction" : null,
    "useDropConnect" : false,
    "useRegularization" : true,
    "variables" : [ ]
  }, {
    "extraArgs" : [ 0 ],
    "l1ByParam" : {
      "b" : 0.0,
      "W" : 0.0
    },
    "l2ByParam" : {
      "b" : 0.0,
      "W" : 5.0E-4
    },
    "layer" : {
      "dense" : {
        "activationFunction" : "relu",
        "adamMeanDecay" : "NaN",
        "adamVarDecay" : "NaN",
        "biasInit" : 0.0,
        "biasL1" : 0.0,
        "biasL2" : 0.0,
        "biasLearningRate" : 0.013,
        "dist" : null,
        "dropOut" : 0.0,
        "epsilon" : 1.0E-6,
        "gradientNormalization" : "None",
        "gradientNormalizationThreshold" : 1.0,
        "l1" : 0.0,
        "l2" : 5.0E-4,
        "layerName" : null,
        "learningRate" : 0.013,
        "learningRateSchedule" : null,
        "momentum" : "NaN",
        "momentumSchedule" : null,
        "nin" : 800,
        "nout" : 120,
        "rho" : "NaN",
        "rmsDecay" : "NaN",
        "updater" : "ADADELTA",
        "weightInit" : "XAVIER"
      }
    },
    "leakyreluAlpha" : 0.0,
    "learningRateByParam" : {
      "b" : 0.013,
      "W" : 0.013
    },
    "learningRatePolicy" : "None",
    "lrPolicyDecayRate" : "NaN",
    "lrPolicyPower" : "NaN",
    "lrPolicySteps" : "NaN",
    "maxNumLineSearchIterations" : 5,
    "miniBatch" : true,
    "minimize" : true,
    "numIterations" : 1,
    "optimizationAlgo" : "STOCHASTIC_GRADIENT_DESCENT",
    "seed" : 123,
    "stepFunction" : null,
    "useDropConnect" : false,
    "useRegularization" : true,
    "variables" : [ "W", "b" ]
  }, {
    "extraArgs" : [ ],
    "l1ByParam" : {
      "b" : 0.0,
      "W" : 0.0
    },
    "l2ByParam" : {
      "b" : 0.0,
      "W" : 5.0E-4
    },
    "layer" : {
      "dense" : {
        "activationFunction" : "tanh",
        "adamMeanDecay" : "NaN",
        "adamVarDecay" : "NaN",
        "biasInit" : 0.0,
        "biasL1" : 0.0,
        "biasL2" : 0.0,
        "biasLearningRate" : 0.013,
        "dist" : null,
        "dropOut" : 0.0,
        "epsilon" : 1.0E-6,
        "gradientNormalization" : "None",
        "gradientNormalizationThreshold" : 1.0,
        "l1" : 0.0,
        "l2" : 5.0E-4,
        "layerName" : null,
        "learningRate" : 0.013,
        "learningRateSchedule" : null,
        "momentum" : "NaN",
        "momentumSchedule" : null,
        "nin" : 120,
        "nout" : 84,
        "rho" : "NaN",
        "rmsDecay" : "NaN",
        "updater" : "ADADELTA",
        "weightInit" : "XAVIER"
      }
    },
    "leakyreluAlpha" : 0.0,
    "learningRateByParam" : {
      "b" : 0.013,
      "W" : 0.013
    },
    "learningRatePolicy" : "None",
    "lrPolicyDecayRate" : "NaN",
    "lrPolicyPower" : "NaN",
    "lrPolicySteps" : "NaN",
    "maxNumLineSearchIterations" : 5,
    "miniBatch" : true,
    "minimize" : true,
    "numIterations" : 1,
    "optimizationAlgo" : "STOCHASTIC_GRADIENT_DESCENT",
    "seed" : 123,
    "stepFunction" : null,
    "useDropConnect" : false,
    "useRegularization" : true,
    "variables" : [ "W", "b" ]
  }, {
    "extraArgs" : [ ],
    "l1ByParam" : {
      "b" : 0.0,
      "W" : 0.0
    },
    "l2ByParam" : {
      "b" : 0.0,
      "W" : 5.0E-4
    },
    "layer" : {
      "dense" : {
        "activationFunction" : "sigmoid",
        "adamMeanDecay" : "NaN",
        "adamVarDecay" : "NaN",
        "biasInit" : 0.0,
        "biasL1" : 0.0,
        "biasL2" : 0.0,
        "biasLearningRate" : 0.013,
        "dist" : null,
        "dropOut" : 0.0,
        "epsilon" : 1.0E-6,
        "gradientNormalization" : "None",
        "gradientNormalizationThreshold" : 1.0,
        "l1" : 0.0,
        "l2" : 5.0E-4,
        "layerName" : null,
        "learningRate" : 0.013,
        "learningRateSchedule" : null,
        "momentum" : "NaN",
        "momentumSchedule" : null,
        "nin" : 84,
        "nout" : 48,
        "rho" : "NaN",
        "rmsDecay" : "NaN",
        "updater" : "ADADELTA",
        "weightInit" : "XAVIER"
      }
    },
    "leakyreluAlpha" : 0.0,
    "learningRateByParam" : {
      "b" : 0.013,
      "W" : 0.013
    },
    "learningRatePolicy" : "None",
    "lrPolicyDecayRate" : "NaN",
    "lrPolicyPower" : "NaN",
    "lrPolicySteps" : "NaN",
    "maxNumLineSearchIterations" : 5,
    "miniBatch" : true,
    "minimize" : true,
    "numIterations" : 1,
    "optimizationAlgo" : "STOCHASTIC_GRADIENT_DESCENT",
    "seed" : 123,
    "stepFunction" : null,
    "useDropConnect" : false,
    "useRegularization" : true,
    "variables" : [ "W", "b" ]
  }, {
    "extraArgs" : [ ],
    "l1ByParam" : {
      "b" : 0.0,
      "W" : 0.0
    },
    "l2ByParam" : {
      "b" : 0.0,
      "W" : 5.0E-4
    },
    "layer" : {
      "output" : {
        "activationFunction" : "softmax",
        "adamMeanDecay" : "NaN",
        "adamVarDecay" : "NaN",
        "biasInit" : 0.0,
        "biasL1" : 0.0,
        "biasL2" : 0.0,
        "biasLearningRate" : 0.013,
        "dist" : null,
        "dropOut" : 0.0,
        "epsilon" : 1.0E-6,
        "gradientNormalization" : "None",
        "gradientNormalizationThreshold" : 1.0,
        "l1" : 0.0,
        "l2" : 5.0E-4,
        "layerName" : null,
        "learningRate" : 0.013,
        "learningRateSchedule" : null,
        "lossFn" : {
          "NegativeLogLikelihood" : { }
        },
        "lossFunction" : "NEGATIVELOGLIKELIHOOD",
        "momentum" : "NaN",
        "momentumSchedule" : null,
        "nin" : 48,
        "nout" : 10,
        "rho" : "NaN",
        "rmsDecay" : "NaN",
        "updater" : "ADADELTA",
        "weightInit" : "XAVIER"
      }
    },
    "leakyreluAlpha" : 0.0,
    "learningRateByParam" : {
      "b" : 0.013,
      "W" : 0.013
    },
    "learningRatePolicy" : "None",
    "lrPolicyDecayRate" : "NaN",
    "lrPolicyPower" : "NaN",
    "lrPolicySteps" : "NaN",
    "maxNumLineSearchIterations" : 5,
    "miniBatch" : true,
    "minimize" : true,
    "numIterations" : 1,
    "optimizationAlgo" : "STOCHASTIC_GRADIENT_DESCENT",
    "seed" : 123,
    "stepFunction" : null,
    "useDropConnect" : false,
    "useRegularization" : true,
    "variables" : [ "W", "b" ]
  } ],
  "inputPreProcessors" : {
    "0" : {
      "feedForwardToCnn" : {
        "inputHeight" : 28,
        "inputWidth" : 28,
        "numChannels" : 1
      }
    },
    "4" : {
      "cnnToFeedForward" : {
        "inputHeight" : 4,
        "inputWidth" : 4,
        "numChannels" : 50
      }
    }
  },
  "pretrain" : false,
  "tbpttBackLength" : 20,
  "tbpttFwdLength" : 20
}